sep=,
"name","ranking","constituency","party","score","won","lost","image","gender"
"Owen Patterson","1","North Shropshire","Conservative","1903","4975","2130","http://sexymp.co.uk/mp/473.jpg","M"
"Charlotte Leslie","2","Bristol North West","Conservative","1965","50809","30261","http://sexymp.co.uk/mp/359.jpg","F"
"Eilidh Whiteford","3","Banff and Buchan","Scottish National Party","1937","46902","28774","http://sexymp.co.uk/mp/619.jpg","F"
"Penny Mordaunt","4","Portsmouth North","Conservative","1901","47575","28419","http://sexymp.co.uk/mp/430.jpg","F"
"Esther Mcvey","5","Wirral West","Conservative","1888","44381","28114","http://sexymp.co.uk/mp/412.jpg","F"
"Sarah Wollaston","6","Totnes","Conservative","1887","39947","26187","http://sexymp.co.uk/mp/639.jpg","F"
"Nicola Blackwood","7","Oxford West and Abingdon","Conservative","1846","44036","27996","http://sexymp.co.uk/mp/54.jpg","F"
"Rebecca Harris","8","Castle Point","Conservative","1853","44118","28426","http://sexymp.co.uk/mp/266.jpg","F"
"Claire Perry","9","Devizes","Conservative","1839","44013","28114","http://sexymp.co.uk/mp/480.jpg","F"
"Mary Macleod","10","Brentford and Isleworth","Conservative","1842","43751","28685","http://sexymp.co.uk/mp/380.jpg","F"
"Caroline Nokes","11","Romsey and Southampton North","Conservative","1801","42517","26805","http://sexymp.co.uk/mp/456.jpg","F"
"Anna Soubry","12","Broxtowe","Conservative","1842","39438","26675","http://sexymp.co.uk/mp/555.jpg","F"
"Amber Rudd","13","Hastings and Rye","Conservative","1821","38680","26635","http://sexymp.co.uk/mp/519.jpg","F"
"Sarah Teather","14","Brent Central","Liberal Democrat","1783","49765","34279","http://sexymp.co.uk/mp/581.jpg","F"
"Theresa Villiers","15","Chipping Barnet","Conservative","1701","40574","27999","http://sexymp.co.uk/mp/603.jpg","F"
"Priti Patel","16","Witham","Conservative","1687","40786","28063","http://sexymp.co.uk/mp/472.jpg","F"
"Nicky Morgan","17","Loughborough","Conservative","1759","35716","27450","http://sexymp.co.uk/mp/432.jpg","F"
"Elizabeth Truss","18","South West Norfolk","Conservative","1717","40659","29657","http://sexymp.co.uk/mp/590.jpg","F"
"Jessica Lee","19","Erewash","Conservative","1838","31601","27717","http://sexymp.co.uk/mp/354.jpg","F"
"Caroline Spelman","20","Meriden","Conservative","1725","35371","27533","http://sexymp.co.uk/mp/557.jpg","F"
"Maria Miller","21","Basingstoke","Conservative","1684","35646","26670","http://sexymp.co.uk/mp/423.jpg","F"
"Anne Marie Morris","22","Newton Abbot","Conservative","1807","30892","27071","http://sexymp.co.uk/mp/434.jpg","F"
"Caroline Dinenage","23","Gosport","Conservative","1627","39455","27572","http://sexymp.co.uk/mp/154.jpg","F"
"Nadine Dorries","24","Mid Bedfordshire","Conservative","1664","38230","28229","http://sexymp.co.uk/mp/165.jpg","F"
"Karen Bradley","25","Staffordshire Moorlands","Conservative","1731","33655","27785","http://sexymp.co.uk/mp/63.jpg","F"
"Harriet Baldwin","26","West Worcestershire","Conservative","1646","36148","26759","http://sexymp.co.uk/mp/26.jpg","F"
"Eleanor Laing","27","Epping Forest","Conservative","1654","37208","27829","http://sexymp.co.uk/mp/344.jpg","F"
"Chloe Smith","28","Norwich North","Conservative","1694","37026","29274","http://sexymp.co.uk/mp/548.jpg","F"
"Anne Maine","29","St Albans","Conservative","1624","35766","27184","http://sexymp.co.uk/mp/386.jpg","F"
"Richard Drax","30","South Dorset","Conservative","1406","4583","2407","http://sexymp.co.uk/mp/169.jpg","M"
"Justine Greening","31","Putney","Conservative","1674","35534","29141","http://sexymp.co.uk/mp/243.jpg","F"
"Louise Bagshawe","32","Corby","Conservative","1623","41006","32476","http://sexymp.co.uk/mp/20.jpg","F"
"Helen Grant","33","Maidstone and The Weald","Conservative","1641","33405","27598","http://sexymp.co.uk/mp/237.jpg","F"
"Chris Skidmore","34","Kingswood","Conservative","1448","3660","2302","http://sexymp.co.uk/mp/543.jpg","M"
"Robin Walker","35","Worcester","Conservative","1440","3693","2307","http://sexymp.co.uk/mp/605.jpg","M"
"Angela Watkinson","36","Hornchurch and Upminster","Conservative","1684","30811","27766","http://sexymp.co.uk/mp/610.jpg","F"
"Aiden Burley","37","Cannock Chase","Conservative","1455","3544","2293","http://sexymp.co.uk/mp/85.jpg","M"
"Charlie Elphicke","38","Dover","Conservative","1477","3420","2318","http://sexymp.co.uk/mp/186.jpg","M"
"Rob Wilson","39","Reading East","Conservative","1506","3369","2400","http://sexymp.co.uk/mp/634.jpg","M"
"Andrew Griffiths","40","Burton","Conservative","1488","3273","2300","http://sexymp.co.uk/mp/247.jpg","M"
"Stephen Barclay","41","North East Cambridgeshire","Conservative","1433","3539","2262","http://sexymp.co.uk/mp/29.jpg","M"
"Alec Shelbrooke","42","Elmet and Rothwell","Conservative","1453","3542","2366","http://sexymp.co.uk/mp/535.jpg","M"
"Chris White","43","Warwick and Leamington","Conservative","1442","3440","2254","http://sexymp.co.uk/mp/618.jpg","M"
"Tobias Ellwood","44","Bournemouth East","Conservative","1424","3754","2404","http://sexymp.co.uk/mp/185.jpg","M"
"Adam Afriyie","45","Windsor","Conservative","1534","3378","2595","http://sexymp.co.uk/mp/5.jpg","M"
"Malcom Wicks","46","Croydon North","Labour","1560","2884","2300","http://sexymp.co.uk/mp/623.jpg","M"
"Cheryl Gillan","47","Chesham and Amersham","Conservative","1681","29498","27712","http://sexymp.co.uk/mp/225.jpg","F"
"James Duddridge","48","Rochford and Southend East","Conservative","1549","3285","2598","http://sexymp.co.uk/mp/171.jpg","M"
"Sheryll Murray","49","South East Cornwall","Conservative","1726","27793","27813","http://sexymp.co.uk/mp/449.jpg","F"
"Oliver Heald","50","North East Hertfordshire","Conservative","1548","3076","2450","http://sexymp.co.uk/mp/273.jpg","M"
"George Hollinberry","51","Meon Valley","Conservative","1477","3393","2434","http://sexymp.co.uk/mp/292.jpg","M"
"Dominic Raab","52","Esher and Walton","Conservative","1415","3740","2418","http://sexymp.co.uk/mp/492.jpg","M"
"Tracey Crouch","53","Chatham and Aylesford","Conservative","1598","34272","29576","http://sexymp.co.uk/mp/133.jpg","F"
"Jackie Doyle-Price","54","Thurrock","Conservative","1651","29064","26875","http://sexymp.co.uk/mp/168.jpg","F"
"Margot James","55","Stourbridge","Conservative","1612","31401","27615","http://sexymp.co.uk/mp/314.jpg","F"
"Theresa May","56","Maidenhead","Conservative","1613","32260","28361","http://sexymp.co.uk/mp/390.jpg","F"
"George Eustice","57","Camborne and Redruth","Conservative","1411","3593","2321","http://sexymp.co.uk/mp/189.jpg","M"
"James Morris","58","Halesowen and Rowley Regis","Conservative","1426","3628","2417","http://sexymp.co.uk/mp/437.jpg","M"
"Richard Fuller","59","Bedford","Conservative","1466","3495","2495","http://sexymp.co.uk/mp/214.jpg","M"
"Mark Garnier","60","Wyre Forest","Conservative","1471","3448","2507","http://sexymp.co.uk/mp/219.jpg","M"
"Jeremy Hunt","61","South West Surrey","Conservative","1426","3742","2530","http://sexymp.co.uk/mp/306.jpg","M"
"Mark Lancaster","62","Milton Keynes North","Conservative","1432","3346","2314","http://sexymp.co.uk/mp/347.jpg","M"
"Eric Ollerenshaw","63","Lancaster and Fleetwood","Conservative","1101","16115","4860","http://sexymp.co.uk/mp/462.jpg","M"
"Dan Byles","64","North Warwickshire","Conservative","1370","3672","2277","http://sexymp.co.uk/mp/93.jpg","M"
"Mark Field","65","Cities of London and Westminster","Conservative","1427","3550","2451","http://sexymp.co.uk/mp/201.jpg","M"
"Mark Francois","66","Rayleigh and Wickford","Conservative","1489","3100","2370","http://sexymp.co.uk/mp/210.jpg","M"
"Steve Baker","67","Wycombe","Conservative","1405","3620","2413","http://sexymp.co.uk/mp/24.jpg","M"
"Clive Efford","68","Eltham","Labour","1520","3374","2716","http://sexymp.co.uk/mp/180.jpg","M"
"Smith Henry","69","Crawley","Conservative","1401","3695","2450","http://sexymp.co.uk/mp/549.jpg","M"
"Brian Donohoe","70","Central Ayrshire","Labour","1472","3860","2893","http://sexymp.co.uk/mp/162.jpg","M"
"Mark Harper","71","Forest of Dean","Conservative","1370","3804","2396","http://sexymp.co.uk/mp/264.jpg","M"
"Andrea Leadsom","72","South Northamptonshire","Conservative","1809","25809","29738","http://sexymp.co.uk/mp/353.jpg","F"
"Phillip Lee","73","Bracknell","Conservative","1444","3285","2364","http://sexymp.co.uk/mp/355.jpg","M"
"Julian Sturdy","74","York Outer","Conservative","1448","3277","2370","http://sexymp.co.uk/mp/572.jpg","M"
"Douglas Carswell","75","Clacton","Conservative","1545","3171","2666","http://sexymp.co.uk/mp/104.jpg","M"
"Stuart Andrew","76","Pudsey","Conservative","1418","3345","2306","http://sexymp.co.uk/mp/15.jpg","M"
"Richard Benyon","77","Newbury","Conservative","1417","3892","2688","http://sexymp.co.uk/mp/43.jpg","M"
"David Cameron","78","Witney","Conservative","1488","4230","3293","http://sexymp.co.uk/mp/97.jpg","M"
"Tom Greatrix","79","Rutherglen and Hamilton West","Labour Co-operative","1544","3400","2876","http://sexymp.co.uk/mp/240.jpg","M"
"Simon Hart","80","Carmarthen West and South Pembrokeshire","Conservative","1424","3220","2262","http://sexymp.co.uk/mp/268.jpg","M"
"Daniel Kawczynski","81","Shrewsbury and Atcham","Conservative","1385","3803","2504","http://sexymp.co.uk/mp/334.jpg","M"
"Jonathan Reynolds","82","Stalybridge and Hyde","Labour Co-operative","1508","3418","2754","http://sexymp.co.uk/mp/503.jpg","M"
"James Wharton","83","Stockton South","Conservative","1390","3457","2307","http://sexymp.co.uk/mp/616.jpg","M"
"Hugh Robertson","84","Faversham and Mid Kent","Conservative","1456","3207","2399","http://sexymp.co.uk/mp/509.jpg","M"
"Craig Whittacker","85","Calder Valley","Conservative","1450","3147","2331","http://sexymp.co.uk/mp/621.jpg","M"
"Chris Heaton-Harris","86","Daventry","Conservative","1509","2955","2402","http://sexymp.co.uk/mp/276.jpg","M"
"Daniel Poulter","87","Central Suffolk and North Ipswich","Conservative","1460","3197","2415","http://sexymp.co.uk/mp/485.jpg","M"
"Jason McCartney","88","Colne Valley","Conservative","1492","3126","2485","http://sexymp.co.uk/mp/395.jpg","M"
"Rehman Chishti","89","Gillingham and Rainham","Conservative","1397","3359","2295","http://sexymp.co.uk/mp/108.jpg","M"
"Gordon Marsden","90","Blackpool South","Labour","1523","3219","2689","http://sexymp.co.uk/mp/388.jpg","M"
"Jenny Willot","91","Cardiff Central","Liberal Democrat","1526","32523","27323","http://sexymp.co.uk/mp/632.jpg","F"
"Damian Collins","92","Folkestone and Hythe","Conservative","1419","3371","2409","http://sexymp.co.uk/mp/121.jpg","M"
"Matthew Offord","93","Hendon","Conservative","1383","3848","2576","http://sexymp.co.uk/mp/461.jpg","M"
"Ben Gummer","94","Ipswich","Conservative","1432","3482","2545","http://sexymp.co.uk/mp/248.jpg","M"
"Damian hinds","95","East Hampshire","Conservative","1417","3229","2303","http://sexymp.co.uk/mp/287.jpg","M"
"Gavin Williamson","96","South Staffordshire","Conservative","1392","3244","2217","http://sexymp.co.uk/mp/631.jpg","M"
"Karl McCartney","97","Lincoln","Conservative","1458","3138","2404","http://sexymp.co.uk/mp/396.jpg","M"
"David Morris","98","Morecambe and Lunesdale","Conservative","1383","3452","2325","http://sexymp.co.uk/mp/435.jpg","M"
"Jesse Norman","99","Hereford and South Herefordshire","Conservative","1442","3699","2762","http://sexymp.co.uk/mp/457.jpg","M"
"Steve Brine","100","Winchester","Conservative","1361","3702","2399","http://sexymp.co.uk/mp/71.jpg","M"
"Alan Johnson","101","Kingston upon Hull West and Hessle","Labour","1565","3156","2832","http://sexymp.co.uk/mp/320.jpg","M"
"Russell Brown","102","Dumfries and Galloway","Labour","1552","3101","2733","http://sexymp.co.uk/mp/77.jpg","M"
"Nick Herbert","103","Arundel and South Downs","Conservative","1413","3323","2377","http://sexymp.co.uk/mp/282.jpg","M"
"Andrew Jones","104","Harrogate and Knaresborough","Conservative","1420","3184","2300","http://sexymp.co.uk/mp/324..jpg","M"
"John McDonnell","105","Hayes and Harlington","Labour","1550","3254","2865","http://sexymp.co.uk/mp/401.jpg","M"
"John Penrose","106","Weston-super-Mare","Conservative","1457","3149","2419","http://sexymp.co.uk/mp/477.jpg","M"
"Desmond Swayne","107","New Forest West","Conservative","1508","3110","2584","http://sexymp.co.uk/mp/575.jpg","M"
"Ben Walker","108","Wyre and Preston North","Conservative","1463","3163","2450","http://sexymp.co.uk/mp/606.jpg","M"
"David Burrowes","109","Enfield, Southgate","Conservative","1431","3291","2421","http://sexymp.co.uk/mp/89.jpg","M"
"Adam Holloway","110","Gravesham","Conservative","1403","3252","2295","http://sexymp.co.uk/mp/294.jpg","M"
"Karl Turner","111","Kingston upon Hull East","Labour","1494","3552","2898","http://sexymp.co.uk/mp/592.jpg","M"
"David Ruffley","112","Bury St Edmunds","Conservative","1356","3427","2223","http://sexymp.co.uk/mp/521.jpg","M"
"David Ruttley","113","Macclesfield","Conservative","1466","3200","2509","http://sexymp.co.uk/mp/523.jpg","M"
"John Denham","114","Southampton, Itchen","Labour","1812","2632","3178","http://sexymp.co.uk/mp/153.jpg","M"
"Andrew Gwynne","115","Denton and Reddish","Labour","1550","3132","2783","http://sexymp.co.uk/mp/249.jpg","M"
"Angus MacNiel","116","Na h-Eileanan an Iar","Scottish National Party","1485","3413","2764","http://sexymp.co.uk/mp/381.jpg","M"
"Stephen Twigg","117","Liverpool, West Derby","Labour Co-operative","1511","3205","2694","http://sexymp.co.uk/mp/594.jpg","M"
"Nick Boles","118","Grantham and Stamford","Conservative","1421","3346","2455","http://sexymp.co.uk/mp/60.jpg","M"
"Julian Brazier","119","Canterbury","Conservative","1513","3036","2568","http://sexymp.co.uk/mp/68.jpg","M"
"Nick Hurd","120","Ruislip, Northwood and Pinner","Conservative","1375","3552","2413","http://sexymp.co.uk/mp/310.jpg","M"
"Anas Sarwar","121","Glasgow Central","Labour","1489","3536","2892","http://sexymp.co.uk/mp/526.jpg","M"
"Jon Ashworth","122","Leicester South","Labour","1517","3070","2630","http://sexymp.co.uk/mp/17.jpg","M"
"Bernard Jenkin","123","Harwich and North Essex","Conservative","1415","3330","2436","http://sexymp.co.uk/mp/319.jpg","M"
"David Lidington","124","Aylesbury","Conservative","1518","2979","2553","http://sexymp.co.uk/mp/366.jpg","M"
"Julian Smith","125","Skipton and Ripon","Conservative","1428","3198","2393","http://sexymp.co.uk/mp/550.jpg","M"
"Owen Smith","126","Pontypridd","Labour","1479","3208","2599","http://sexymp.co.uk/mp/552.jpg","M"
"Edward Garnier","127","Harborough","Conservative","1503","3019","2545","http://sexymp.co.uk/mp/218.jpg","M"
"Jamie Reed","128","Copeland","Labour","1370","4147","2816","http://sexymp.co.uk/mp/497.jpg","M"
"Mike Wood","129","Batley and Spen","Labour","1538","3043","2692","http://sexymp.co.uk/mp/640.jpg","M"
"Douglas Alexander","130","Paisley and Renfrewshire South","Labour","1425","4063","3029","http://sexymp.co.uk/mp/9.jpg","M"
"Zac Goldsmith","131","Richmond Park","Conservative","1322","4077","2533","http://sexymp.co.uk/mp/232.jpg","M"
"Stephen Crabb","132","Preseli Pembrokeshire","Conservative","1449","3254","2546","http://sexymp.co.uk/mp/128.jpg","M"
"Greg Hands","133","Chelsea and Fulham","Conservative","1443","3289","2551","http://sexymp.co.uk/mp/261.jpg","M"
"Sylvia Hermon","134","North Down","Independent","1497","32902","27672","http://sexymp.co.uk/mp/283.jpg","F"
"George Freeman","135","Mid Norfolk","Conservative","1510","3063","2630","http://sexymp.co.uk/mp/211.jpg","M"
"Mike Freer","136","Finchley and Golders Green","Conservative","1482","3014","2488","http://sexymp.co.uk/mp/212.jpg","M"
"Jeremy Browne","137","Taunton Deane","Liberal Democrat","1455","3149","2493","http://sexymp.co.uk/mp/78.jpg","M"
"Thomas Docherty","138","Dunfermline and West Fife","Labour","1584","2939","2799","http://sexymp.co.uk/mp/158.jpg","M"
"Robert Halfon","139","Harlow","Conservative","1375","3657","2542","http://sexymp.co.uk/mp/253.jpg","M"
"Joseph Johnson","140","Orpington","Conservative","1356","3652","2456","http://sexymp.co.uk/mp/323.jpg","M"
"Edward Vaisey","141","Wantage","Conservative","1357","3647","2458","http://sexymp.co.uk/mp/598.jpg","M"
"Stephen Williams","142","Bristol West","Liberal Democrat","1447","3202","2509","http://sexymp.co.uk/mp/629.jpg","M"
"John Cryer","143","Leyton and Wanstead","Labour","1601","2910","2840","http://sexymp.co.uk/mp/135.jpg","M"
"Jo Swinson","144","East Dunbartonshire","Liberal Democrat","1486","33719","28159","http://sexymp.co.uk/mp/576.jpg","F"
"Graham Jones","145","Hyndburn","Labour","1427","3475","2655","http://sexymp.co.uk/mp/326.jpg","M"
"Charles Walker","146","Broxbourne","Conservative","1386","3652","2601","http://sexymp.co.uk/mp/604.jpg","M"
"Philip Dunne","147","Ludlow","Conservative","1488","3078","2592","http://sexymp.co.uk/mp/175.jpg","M"
"Sam Gyimah","148","East Surrey","Conservative","1364","3433","2371","http://sexymp.co.uk/mp/250.jpg","M"
"John Hayes","149","South Holland and The Deepings","Conservative","1570","3026","2858","http://sexymp.co.uk/mp/272.jpg","M"
"Brandon Lewis","150","Great Yarmouth","Conservative","1434","3144","2440","http://sexymp.co.uk/mp/362.jpg","M"
"Hilary Benn","151","Leeds Central","Labour","1476","3230","2677","http://sexymp.co.uk/mp/41.jpg","M"
"Charles Kennedy","152","Ross, Skye and Lochaber","Liberal Democrat","1516","3066","2703","http://sexymp.co.uk/mp/339.jpg","M"
"John Mann","153","Bassetlaw","Labour","1485","3138","2642","http://sexymp.co.uk/mp/387.jpg","M"
"Nic Dakin","154","Scunthorpe","Labour","1557","2946","2755","http://sexymp.co.uk/mp/140.jpg","M"
"Gregg McClymont","155","Cumbernauld, Kilsyth and Kirkintilloch East","Labour","1698","2875","3191","http://sexymp.co.uk/mp/397.jpg","M"
"Andrew Rosindell","156","Romford","Conservative","1466","3073","2524","http://sexymp.co.uk/mp/514.jpg","M"
"Mark Simmonds","157","Boston and Skegness","Conservative","1390","3230","2348","http://sexymp.co.uk/mp/539.jpg","M"
"Duncan Hames","158","Chippenham","Liberal Democrat","1400","3627","2689","http://sexymp.co.uk/mp/254.jpg","M"
"Brooks Newmark","159","Braintree","Conservative","1513","3051","2689","http://sexymp.co.uk/mp/454.jpg","M"
"Frank Doran","160","Aberdeen North","Labour","1513","3207","2836","http://sexymp.co.uk/mp/163.jpg","M"
"Martin Horwood","161","Cheltenham","Liberal Democrat","1450","3211","2589","http://sexymp.co.uk/mp/298.jpg","M"
"Khalid Mahmood","162","Birmingham, Perry Barr","Labour","1521","3051","2726","http://sexymp.co.uk/mp/384.jpg","M"
"Mel Stride","163","Central Devon","Conservative","1390","3176","2319","http://sexymp.co.uk/mp/567.jpg","M"
"Tami Mark","164","Alyn and Deeside","Labour","1499","3137","2717","http://sexymp.co.uk/mp/579.jpg","M"
"Robert Buckland","165","South Swindon","Conservative","1441","3013","2395","http://sexymp.co.uk/mp/83.jpg","M"
"Jonathan Djanogly","166","Huntingdon","Conservative","1469","3018","2508","http://sexymp.co.uk/mp/155.jpg","M"
"Francis Maude","167","Horsham","Conservative","1511","2940","2602","http://sexymp.co.uk/mp/389.jpg","M"
"David Mundell","168","Dumfriesshire, Clydesdale and Tweeddale","Conservative","1521","2997","2684","http://sexymp.co.uk/mp/442.jpg","M"
"Kevin Barron","169","Rother Valley","Labour","1590","2973","2930","http://sexymp.co.uk/mp/32.jpg","M"
"David Lammy","170","Tottenham","Labour","1490","3289","2828","http://sexymp.co.uk/mp/346.jpg","M"
"Chris Leslie","171","Nottingham East","Labour Co-operative","1470","3368","2816","http://sexymp.co.uk/mp/360.jpg","M"
"Michael Dugher","172","Barnsley East","Labour","1422","3391","2633","http://sexymp.co.uk/mp/172.jpg","M"
"Clive Betts","173","Sheffield South East","Labour","1506","3185","2814","http://sexymp.co.uk/mp/48.jpg","M"
"Alun Cairns","174","Vale of Glamorgan","Conservative","1389","3144","2318","http://sexymp.co.uk/mp/96.jpg","M"
"Graham Evans","175","Weaver Vale","Conservative","1504","3019","2666","http://sexymp.co.uk/mp/191.jpg","M"
"Jake Berry","176","Rossendale and Darwen","Conservative","1306","3775","2394","http://sexymp.co.uk/mp/47.jpg","M"
"Iain Stewart","177","Milton Keynes South","Conservative","1417","3258","2517","http://sexymp.co.uk/mp/563.jpg","M"
"Graham Brady","178","Altrincham and Sale West","Conservative","1438","3152","2522","http://sexymp.co.uk/mp/65.jpg","M"
"Malcom Bruce","179","Gordon","Liberal Democrat","1512","3049","2724","http://sexymp.co.uk/mp/80.jpg","M"
"Nadhim Zawahi","180","Stratford-on-Avon","Conservative","1478","3107","2647","http://sexymp.co.uk/mp/649.jpg","M"
"Alan Duncan","181","Rutland and Melton","Conservative","1436","3081","2468","http://sexymp.co.uk/mp/173.jpg","M"
"Jane Ellison","182","Battersea","Conservative","1712","26009","29894","http://sexymp.co.uk/mp/183.jpg","F"
"Matthew Hancock","183","West Suffolk","Conservative","1367","3188","2283","http://sexymp.co.uk/mp/259.jpg","M"
"George Osborne","184","Tatton","Conservative","1422","3708","2907","http://sexymp.co.uk/mp/465.jpg","M"
"Hugo Swire","185","East Devon","Conservative","1535","3167","2935","http://sexymp.co.uk/mp/577.jpg","M"
"Simon Burns","186","Chelmsford","Conservative","1530","3049","2801","http://sexymp.co.uk/mp/88.jpg","M"
"Nigel Evans","187","Ribble Valley","Conservative","1424","3145","2484","http://sexymp.co.uk/mp/193.jpg","M"
"Kevan Jones","188","North Durham","Labour","1497","3037","2672","http://sexymp.co.uk/mp/328.jpg","M"
"Tony Lloyd","189","Manchester Central","Labour","1559","2970","2847","http://sexymp.co.uk/mp/369.jpg","M"
"Anne McIntosh","190","Thirsk and Malton","Conservative","1743","25500","30336","http://sexymp.co.uk/mp/407.jpg","F"
"Mark Menzies","191","Fylde","Conservative","1522","3036","2768","http://sexymp.co.uk/mp/416.jpg","M"
"Christopher Pincher","192","Tamworth","Conservative","1401","3187","2422","http://sexymp.co.uk/mp/484.jpg","M"
"Frank Field","193","Birkenhead","Labour","1478","3005","2583","http://sexymp.co.uk/mp/200.jpg","M"
"Robert Syms","194","Poole","Conservative","1497","2928","2585","http://sexymp.co.uk/mp/578.jpg","M"
"Gareth Thomas","195","Harrow West","Labour Co-operative","1504","3129","2791","http://sexymp.co.uk/mp/582.jpg","M"
"Ian Austin","196","Dudley North","Labour","1573","2923","2868","http://sexymp.co.uk/mp/18.jpg","M"
"Chris Evans","197","Islwyn","Labour Co-operative","1309","4434","2872","http://sexymp.co.uk/mp/190.jpg","M"
"Sarah Newton","198","Truro and Falmouth","Conservative","1690","25904","29205","http://sexymp.co.uk/mp/455.jpg","F"
"Jim Cunningham","199","Coventry South","Labour","1450","3532","2930","http://sexymp.co.uk/mp/137.jpg","M"
"Alistair Darling","200","Edinburgh South West","Labour","1491","3128","2751","http://sexymp.co.uk/mp/142.jpg","M"
"Liam Fox","201","North Somerset","Conservative","1416","3368","2644","http://sexymp.co.uk/mp/208.jpg","M"
"Dai Harvard","202","Merthyr Tydfil and Rhymney","Labour","1540","2999","2827","http://sexymp.co.uk/mp/271.jpg","M"
"Kelvin Hopkins","203","Luton North","Labour","1703","2776","3187","http://sexymp.co.uk/mp/296.jpg","M"
"Michael Moore","204","Berwickshire, Roxburgh and Selkirk","Liberal Democrat","1443","3300","2708","http://sexymp.co.uk/mp/429.jpg","M"
"Andrew Stephenson","205","Pendle","Conservative","1403","3083","2370","http://sexymp.co.uk/mp/560.jpg","M"
"Jack Straw","206","Blackburn","Labour","1591","2902","2917","http://sexymp.co.uk/mp/565.jpg","M"
"John Whittingdale","207","Maldon","Conservative","1466","3063","2597","http://sexymp.co.uk/mp/622.jpg","M"
"James Gray","208","North Wiltshire","Conservative","1613","2860","2962","http://sexymp.co.uk/mp/238.jpg","M"
"William Hague","209","Richmond (Yorks)","Conservative","1427","3573","2868","http://sexymp.co.uk/mp/251.jpg","M"
"David Hamilton","210","Midlothian","Labour","1527","3081","2857","http://sexymp.co.uk/mp/255.jpg","M"
"Jim Murphy","211","East Renfrewshire","Labour","1493","3243","2867","http://sexymp.co.uk/mp/446.jpg","M"
"Mick Crockart","212","Edinburgh West","Liberal Democrat","1610","2840","2939","http://sexymp.co.uk/mp/132.jpg","M"
"David Davies","213","Monmouth","Conservative","1404","3164","2449","http://sexymp.co.uk/mp/146.jpg","M"
"Richard Graham","214","Gloucester","Conservative","1396","3402","2599","http://sexymp.co.uk/mp/236.jpg","M"
"Alan Campbell","215","Tynemouth","Labour","1557","2919","2827","http://sexymp.co.uk/mp/98.jpg","M"
"Karen Lumley","216","Redditch","Conservative","1725","25147","29760","http://sexymp.co.uk/mp/379.jpg","F"
"Jeffrey Donaldson","217","Lagan Valley","Democratic Unionist","1643","2804","3036","http://sexymp.co.uk/mp/161.jpg","M"
"Dominic Greive","218","Beaconsfield","Conservative","1427","3077","2485","http://sexymp.co.uk/mp/245.jpg","M"
"Tony Baldry","219","Banbury","Conservative","1438","3095","2548","http://sexymp.co.uk/mp/25.jpg","M"
"Hugh Bayley","220","York Central","Labour","1530","3038","2855","http://sexymp.co.uk/mp/34.jpg","M"
"David Davis","221","Haltemprice and Howden","Conservative","1439","3026","2497","http://sexymp.co.uk/mp/150.jpg","M"
"Paul Farrelly","222","Newcastle-under-Lyme","Labour","1519","3118","2893","http://sexymp.co.uk/mp/197.jpg","M"
"John Baron","223","Basildon and Billericay","Conservative","1548","2890","2786","http://sexymp.co.uk/mp/31.jpg","M"
"Tessa Munt","224","Wells","Liberal Democrat","1515","30800","28446","http://sexymp.co.uk/mp/444.jpg","F"
"Toby Perkins","225","Chesterfield","Labour","1452","3205","2698","http://sexymp.co.uk/mp/479.jpg","M"
"Justin Tomlinson","226","North Swindon","Conservative","1373","3180","2362","http://sexymp.co.uk/mp/587.jpg","M"
"Michael Elliss","227","Northampton North","Conservative","1397","3127","2423","http://sexymp.co.uk/mp/182.jpg","M"
"James Clappison","228","Hertsmere","Conservative","1424","3051","2473","http://sexymp.co.uk/mp/110.jpg","M"
"Loraine Fullbrook","229","South Ribble","Conservative","1735","24872","30024","http://sexymp.co.uk/mp/213.jpg","F"
"Christopher Chope","230","Christchurch","Conservative","1551","2852","2780","http://sexymp.co.uk/mp/109.jpg","M"
"Andrew Lansley","231","South Cambridgeshire","Conservative","1424","3282","2671","http://sexymp.co.uk/mp/348.jpg","M"
"Graeme Morris","232","Livingston","Labour","1595","2849","2939","http://sexymp.co.uk/mp/433.jpg","M"
"Mark Pritchard","233","The Wrekin","Conservative","1442","3116","2608","http://sexymp.co.uk/mp/489.jpg","M"
"Tom Brake","234","Carshalton and Wallington","Liberal Democrat","1446","3174","2669","http://sexymp.co.uk/mp/66.jpg","M"
"Greg Clark","235","Tunbridge Wells","Conservative","1384","3195","2442","http://sexymp.co.uk/mp/111.jpg","M"
"Michael McCann","236","East Kilbride, Strathaven and Lesmahagow","Labour","1480","3111","2760","http://sexymp.co.uk/mp/393.jpg","M"
"Stephen OBrien","237","Eddisbury","Conservative","1469","2988","2611","http://sexymp.co.uk/mp/459.jpg","M"
"Iain Wright","238","Hartlepool","Labour","1467","3238","2819","http://sexymp.co.uk/mp/644.jpg","M"
"Paul Murphy","239","Torfaen","Labour","1789","2534","3259","http://sexymp.co.uk/mp/447.jpg","M"
"Nick Clegg","240","Sheffield, Hallam","Liberal Democrat","1419","3570","2907","http://sexymp.co.uk/mp/115.jpg","M"
"Andrew Bridgen","241","North West Leicestershire","Conservative","1508","3069","2849","http://sexymp.co.uk/mp/70.jpg","M"
"Simon Danczuk","242","Rochdale","Labour","1456","3132","2705","http://sexymp.co.uk/mp/141.jpg","M"
"Barry Gardiner","243","Brent North","Labour","1507","3101","2882","http://sexymp.co.uk/mp/217.jpg","M"
"Fabian Hamilton","244","Leeds North East","Labour","1573","2907","2948","http://sexymp.co.uk/mp/256.jpg","M"
"Albert Owen","245","Ynys M!!n","Labour","1727","2606","3158","http://sexymp.co.uk/mp/468.jpg","M"
"Andy Burnham","246","Leigh","Labour","1427","3412","2825","http://sexymp.co.uk/mp/86.jpg","M"
"Robert Flello","247","Stoke-on-Trent South","Labour","1474","3093","2753","http://sexymp.co.uk/mp/203.jpg","M"
"Paul Beresford","248","Mole Valley","Conservative","1444","3121","2655","http://sexymp.co.uk/mp/45.jpg","M"
"Bob Stewart","249","Beckenham","Conservative","1569","2798","2831","http://sexymp.co.uk/mp/562.jpg","M"
"Fiona Bruce","250","Congleton","Conservative","1751","24817","30928","http://sexymp.co.uk/mp/79.jpg","F"
"Chris Kelly","251","Dudley South","Conservative","1266","3968","2479","http://sexymp.co.uk/mp/337.jpg","M"
"John Leech","252","Manchester, Withington","Liberal Democrat","1448","3183","2732","http://sexymp.co.uk/mp/356.jpg","M"
"Andrew Smith","253","Oxford East","Labour","1516","2960","2798","http://sexymp.co.uk/mp/546.jpg","M"
"Edward Timson","254","Crewe and Nantwich","Conservative","1303","3379","2276","http://sexymp.co.uk/mp/586.jpg","M"
"Peter Bone","255","Wellingborough","Conservative","1480","2998","2698","http://sexymp.co.uk/mp/61.jpg","M"
"John Glen","256","Salisbury","Conservative","1352","3233","2385","http://sexymp.co.uk/mp/228.jpg","M"
"Sajid Javid","257","Bromsgrove","Conservative","1450","3054","2637","http://sexymp.co.uk/mp/318.jpg","M"
"Andrew Murrison","258","South West Wiltshire","Conservative","1405","3042","2455","http://sexymp.co.uk/mp/450.jpg","M"
"Stephen Phillips","259","Sleaford and North Hykeham","Conservative","1396","3236","2572","http://sexymp.co.uk/mp/481.jpg","M"
"Derek Twigg","260","Halton","Labour","1457","3168","2764","http://sexymp.co.uk/mp/593.jpg","M"
"Lorely Burt","261","Solihull","Liberal Democrat","1547","29522","29187","http://sexymp.co.uk/mp/92.jpg","F"
"Chris Huhne","262","Eastleigh","Liberal Democrat","1459","3111","2727","http://sexymp.co.uk/mp/305.jpg","M"
"Gregory Campbell","263","East Londonderry","Democratic Unionist","1508","3088","2907","http://sexymp.co.uk/mp/99.jpg","M"
"David Laws","264","Yeovil","Liberal Democrat","1356","3578","2672","http://sexymp.co.uk/mp/351.jpg","M"
"Michael Fallon","265","Sevenoaks","Conservative","1439","2983","2554","http://sexymp.co.uk/mp/196.jpg","M"
"Paul Maynard","266","Blackpool North and Cleveleys","Conservative","1454","3124","2746","http://sexymp.co.uk/mp/391.jpg","M"
"Nick Smith","267","Blaenau Gwent","Labour","1463","3160","2811","http://sexymp.co.uk/mp/551.jpg","M"
"Jim Fitzpatrick","268","Poplar and Limehouse","Labour","1464","3115","2786","http://sexymp.co.uk/mp/202.jpg","M"
"David Nuttal","269","Bury North","Conservative","1400","3099","2511","http://sexymp.co.uk/mp/458.jpg","M"
"Geoffrey Robinson","270","Coventry North West","Labour","1714","2963","3607","http://sexymp.co.uk/mp/512.jpg","M"
"Peter Bottomley","271","Worthing West","Conservative","1443","3082","2670","http://sexymp.co.uk/mp/62.jpg","M"
"Edward Davey","272","Kingston and Surbiton","Liberal Democrat","1519","2858","2767","http://sexymp.co.uk/mp/143.jpg","M"
"Ian Paisley","273","North Antrim","Democratic Unionist","1360","3346","2552","http://sexymp.co.uk/mp/470.jpg","M"
"Mark Prisk","274","Hertford and Stortford","Conservative","1437","3043","2619","http://sexymp.co.uk/mp/488.jpg","M"
"Kevin Brennan","275","Cardiff West","Labour","1430","3255","2771","http://sexymp.co.uk/mp/69.jpg","M"
"David Mowat","276","Warrington South","Conservative","1445","3005","2625","http://sexymp.co.uk/mp/439.jpg","M"
"Mark Reckless","277","Rochester and Strood","Conservative","1453","3002","2657","http://sexymp.co.uk/mp/495.jpg","M"
"Jacob Rees-Mogg","278","North East Somerset","Conservative","1450","3169","2788","http://sexymp.co.uk/mp/498.jpg","M"
"Rory Stewart","279","Penrith and The Border","Conservative","1386","3133","2498","http://sexymp.co.uk/mp/564.jpg","M"
"Geoffrey Cox","280","Torridge and West Devon","Conservative","1506","2879","2753","http://sexymp.co.uk/mp/127.jpg","M"
"Stephen Gilbert","281","St Austell and Newquay","Liberal Democrat","1477","2900","2663","http://sexymp.co.uk/mp/223.jpg","M"
"Stewart Hosie","282","Dundee East","Scottish National Party","1487","3025","2818","http://sexymp.co.uk/mp/299.jpg","M"
"Grant Shapps","283","Welwyn Hatfield","Conservative","1449","3017","2659","http://sexymp.co.uk/mp/531.jpg","M"
"Jeremy Corbyn","284","Islington North","Labour","1502","3064","2917","http://sexymp.co.uk/mp/126.jpg","M"
"Peter Luff","285","Mid Worcestershire","Conservative","1546","2878","2908","http://sexymp.co.uk/mp/378.jpg","M"
"Jim McGovern","286","Dundee West","Labour","1559","2863","2941","http://sexymp.co.uk/mp/404.jpg","M"
"Stephen Dorrell","287","Charnwood","Conservative","1388","3048","2460","http://sexymp.co.uk/mp/164.jpg","M"
"Nigel Adams","288","Selby and Ainsty","Conservative","1469","2919","2665","http://sexymp.co.uk/mp/4.jpg","M"
"Mark Spencer","289","Sherwood","Conservative","1408","3160","2635","http://sexymp.co.uk/mp/558.jpg","M"
"John Woodcock","290","Barrow and Furness","Labour Co-operative","1424","3217","2748","http://sexymp.co.uk/mp/641.jpg","M"
"Conor Burns","291","Bournemouth West","Conservative","1525","2903","2860","http://sexymp.co.uk/mp/87.jpg","M"
"Charles Hendry","292","Wealden","Conservative","1547","2762","2808","http://sexymp.co.uk/mp/280.jpg","M"
"David Jones","293","Clwyd West","Conservative","1434","3125","2720","http://sexymp.co.uk/mp/325.jpg","M"
"Jonathan Lord","294","Woking","Conservative","1390","3042","2479","http://sexymp.co.uk/mp/373.jpg","M"
"Andrew Percy","295","Brigg and Goole","Conservative","1442","2942","2596","http://sexymp.co.uk/mp/478.jpg","M"
"Philip Hammond","296","Runnymede and Weybridge","Conservative","1422","3015","2591","http://sexymp.co.uk/mp/257.jpg","M"
"Alok Sharma","297","Reading West","Conservative","1536","2775","2794","http://sexymp.co.uk/mp/532.jpg","M"
"Dennis Skinner","298","Bolsover","Labour","1551","3156","3245","http://sexymp.co.uk/mp/544.jpg","M"
"Andy Slaughter","299","Hammersmith","Labour","1664","2681","3148","http://sexymp.co.uk/mp/545.jpg","M"
"Jerem Wright","300","Kenilworth and Southam","Conservative","1491","2912","2762","http://sexymp.co.uk/mp/645.jpg","M"
"Mark Hoban","301","Fareham","Conservative","1527","2847","2845","http://sexymp.co.uk/mp/288.jpg","M"
"Sadiq Khan","302","Tooting","Labour","1595","3006","3277","http://sexymp.co.uk/mp/340.jpg","M"
"Crispin Blunt","303","Reigate","Conservative","1367","3190","2528","http://sexymp.co.uk/mp/59.jpg","M"
"Greg Mulholland","304","Leeds North West","Liberal Democrat","1487","2832","2695","http://sexymp.co.uk/mp/441.jpg","M"
"Neil Parish","305","Tiverton and Honiton","Conservative","1504","2836","2761","http://sexymp.co.uk/mp/471.jpg","M"
"John Spellar","306","Warley","Labour","1652","2820","3297","http://sexymp.co.uk/mp/556.jpg","M"
"Dan Jarvis","307","Barnsley Central","Labour","1369","3555","2840","http://sexymp.co.uk/mp/317.jpg","M"
"Alan Keen","308","Feltham and Heston","Labour Co-operative","1540","3031","3103","http://sexymp.co.uk/mp/336.jpg","M"
"Kris Hopkins","309","Keighley","Conservative","1471","2941","2749","http://sexymp.co.uk/mp/297.jpg","M"
"Andrew Selous","310","South West Bedfordshire","Conservative","1398","3015","2534","http://sexymp.co.uk/mp/529.jpg","M"
"Graham Stuart","311","Beverley and Holderness","Conservative","1541","2803","2886","http://sexymp.co.uk/mp/570.jpg","M"
"Bill Wiggin","312","North Herefordshire","Conservative","1382","3257","2675","http://sexymp.co.uk/mp/624.jpg","M"
"Simon Wright","313","Norwich South","Liberal Democrat","1429","3004","2653","http://sexymp.co.uk/mp/646.jpg","M"
"Chris Grayling","314","Epsom and Ewell","Conservative","1402","3129","2662","http://sexymp.co.uk/mp/239.jpg","M"
"Jeremy Lefroy","315","Stafford","Conservative","1380","3013","2474","http://sexymp.co.uk/mp/357.jpg","M"
"Nick de Bois","316","Enfield North","Conservative","1453","2815","2585","http://sexymp.co.uk/mp/151.jpg","M"
"Huw Irranca-Davies","317","Ogmore","Labour","1350","3581","2805","http://sexymp.co.uk/mp/311.jpg","M"
"Gavin Shuker","318","Luton South","Labour Co-operative","1429","3132","2788","http://sexymp.co.uk/mp/538.jpg","M"
"Peter Lilley","319","Hitchin and Harpenden","Conservative","1389","3138","2636","http://sexymp.co.uk/mp/367.jpg","M"
"Neil Carmichael","320","Stroud","Conservative","1456","2972","2768","http://sexymp.co.uk/mp/103.jpg","M"
"Martin Vickers","321","Cleethorpes","Conservative","1541","2777","2908","http://sexymp.co.uk/mp/602.jpg","M"
"Pete Wishart","322","Perth and North Perthshire","Scottish National Party","1490","2936","2873","http://sexymp.co.uk/mp/638.jpg","M"
"Philip Hollobone","323","Kettering","Conservative","1571","2734","2980","http://sexymp.co.uk/mp/293.jpg","M"
"Andrew Mitchell","324","Sutton Coldfield","Conservative","1466","3117","2956","http://sexymp.co.uk/mp/426.jpg","M"
"Steve Rotherham","325","Liverpool, Walton","Labour","1736","2443","3197","http://sexymp.co.uk/mp/515.jpg","M"
"Gareth Johnson","326","Dartford","Conservative","1417","3074","2728","http://sexymp.co.uk/mp/322.jpg","M"
"Laurence Robertson","327","Tewkesbury","Conservative","1504","2836","2841","http://sexymp.co.uk/mp/511.jpg","M"
"Damian Green","328","Ashford","Conservative","1568","2664","2907","http://sexymp.co.uk/mp/241.jpg","M"
"David Anderson","329","Blaydon","Labour","1574","2766","3051","http://sexymp.co.uk/mp/14.jpg","M"
"Tim Laughton","330","East Worthing and Shoreham","Conservative","1397","2986","2591","http://sexymp.co.uk/mp/374.jpg","M"
"Stewart Jackson","331","Peterborough","Conservative","1521","2746","2845","http://sexymp.co.uk/mp/313.jpg","M"
"Iain Duncan Smith","332","Chingford and Woodford Green","Conservative","1556","2743","2975","http://sexymp.co.uk/mp/174.jpg","M"
"Kwasi Kwarteng","333","Spelthorne","Conservative","1419","3013","2717","http://sexymp.co.uk/mp/343.jpg","M"
"Anne Milton","334","Guildford","Conservative","1737","23687","31469","http://sexymp.co.uk/mp/425.jpg","F"
"Guy Opperman","335","Hexham","Conservative","1352","3041","2471","http://sexymp.co.uk/mp/464.jpg","M"
"Danny Alexander","336","Inverness, Nairn, Badenoch and Strathspey","Liberal Democrat","1536","2849","3015","http://sexymp.co.uk/mp/8.jpg","M"
"Andrew George","337","St Ives","Liberal Democrat","1402","3001","2650","http://sexymp.co.uk/mp/221.jpg","M"
"Robert Goodwill","338","Scarborough and Whitby","Conservative","1478","2947","2896","http://sexymp.co.uk/mp/234.jpg","M"
"Eric Joyce","339","Falkirk","Labour","1406","3058","2710","http://sexymp.co.uk/mp/332.jpg","M"
"David Miliband","340","South Shields","Labour","1406","4044","3592","http://sexymp.co.uk/mp/420.jpg","M"
"John Stevenson","341","Carlisle","Conservative","1475","2962","2904","http://sexymp.co.uk/mp/561.jpg","M"
"Adrian Bailey","342","West Bromwich West","Labour Co-operative","1723","2583","3414","http://sexymp.co.uk/mp/21.jpg","M"
"Mike Weatherley","343","Hove","Conservative","1594","2662","3055","http://sexymp.co.uk/mp/613.jpg","M"
"John Redwood","344","Wokingham","Conservative","1411","3026","2735","http://sexymp.co.uk/mp/496.jpg","M"
"Jonathan Edwards","345","Carmarthen East and Dinefwr","Plaid Cymru","1379","3117","2693","http://sexymp.co.uk/mp/179.jpg","M"
"Ivan Lewis","346","Bury South","Labour","1615","2640","3122","http://sexymp.co.uk/mp/363.jpg","M"
"Roger Gale","347","North Thanet","Conservative","1489","2800","2842","http://sexymp.co.uk/mp/215.jpg","M"
"Edward Leigh","348","Gainsborough","Conservative","1538","2791","3018","http://sexymp.co.uk/mp/358.jpg","M"
"Jon Cruddas","349","Dagenham and Rainham","Labour","1364","3275","2789","http://sexymp.co.uk/mp/134.jpg","M"
"John Howell","350","Henley","Conservative","1546","2725","2992","http://sexymp.co.uk/mp/302.jpg","M"
"Nick Gibb","351","Bognor Regis and Littlehampton","Conservative","1499","2743","2842","http://sexymp.co.uk/mp/222.jpg","M"
"Gavin Barwell","352","Croydon Central","Conservative","1451","3011","2925","http://sexymp.co.uk/mp/33.jpg","M"
"Simon Kirby","353","Brighton, Kemptown","Conservative","1387","3085","2736","http://sexymp.co.uk/mp/341.jpg","M"
"Peter Aldous","354","Waveney","Conservative","1533","2872","3122","http://sexymp.co.uk/mp/7.jpg","M"
"David Gauke","355","South West Hertfordshire","Conservative","1411","2931","2703","http://sexymp.co.uk/mp/220.jpg","M"
"David Ward","356","Bradford East","Liberal Democrat","1376","2998","2619","http://sexymp.co.uk/mp/609.jpg","M"
"Simon Hughes","357","Bermondsey and Old Southwark","Liberal Democrat","1537","2746","3012","http://sexymp.co.uk/mp/304.jpg","M"
"Jack Lopresti","358","Filton and Bradley Stoke","Conservative","1325","3123","2524","http://sexymp.co.uk/mp/372.jpg","M"
"Barry Sheerman","359","Huddersfield","Labour Co-operative","1578","2713","3141","http://sexymp.co.uk/mp/534.jpg","M"
"Pauline Latham","360","Mid Derbyshire","Conservative","1720","24262","32894","http://sexymp.co.uk/mp/349.jpg","F"
"Stephen McPartland","361","Stevenage","Conservative","1503","2757","2940","http://sexymp.co.uk/mp/411.jpg","M"
"Robert Walter","362","North Dorset","Conservative","1458","2779","2800","http://sexymp.co.uk/mp/608.jpg","M"
"Marcus Jones","363","Nuneaton","Conservative","1436","2784","2750","http://sexymp.co.uk/mp/329.jpg","M"
"Laura Sandys","364","South Thanet","Conservative","1715","23362","32184","http://sexymp.co.uk/mp/525.jpg","F"
"Glyn Davies","365","Montgomeryshire","Conservative","1545","2662","3050","http://sexymp.co.uk/mp/148.jpg","M"
"Philip Davies","366","Shipley","Conservative","1462","2919","3007","http://sexymp.co.uk/mp/149.jpg","M"
"Tom Harris","367","Glasgow South","Labour","1709","2478","3405","http://sexymp.co.uk/mp/267.jpg","M"
"Ian Liddell-Grainger","368","Bridgwater and West Somerset","Conservative","1562","2636","3083","http://sexymp.co.uk/mp/365.jpg","M"
"Ian Murray","369","Edinburgh South","Labour","1354","3133","2779","http://sexymp.co.uk/mp/448.jpg","M"
"Andrew Robathan","370","South Leicestershire","Conservative","1504","2677","2933","http://sexymp.co.uk/mp/507.jpg","M"
"Tristram Hunt","371","Stoke-on-Trent Central","Labour","1374","3796","3480","http://sexymp.co.uk/mp/307.jpg","M"
"Andrew Turner","372","Isle of Wight","Conservative","1508","2764","3047","http://sexymp.co.uk/mp/591.jpg","M"
"Tim Yeo","373","South Suffolk","Conservative","1456","2770","2863","http://sexymp.co.uk/mp/647.jpg","M"
"Chuka Umunna","374","Streatham","Labour","1395","3533","3383","http://sexymp.co.uk/mp/596.jpg","M"
"Peter Hain","375","Neath","Labour","1506","2925","3270","http://sexymp.co.uk/mp/252.jpg","M"
"John Hemmings","376","Birmingham, Yardley","Liberal Democrat","1711","2506","3521","http://sexymp.co.uk/mp/277.jpg","M"
"Tom Blenkinsop","377","Middlesbrough South and East Cleveland","Labour","1473","2995","3250","http://sexymp.co.uk/mp/56.jpg","M"
"Stephen Metcalfe","378","South Basildon and East Thurrock","Conservative","1445","2852","2996","http://sexymp.co.uk/mp/418.jpg","M"
"Paul Blomfield","379","Sheffield Central","Labour","1637","2445","3236","http://sexymp.co.uk/mp/57.jpg","M"
"Chris Bryant","380","Rhondda","Labour","1457","3143","3374","http://sexymp.co.uk/mp/81.jpg","M"
"Michael Gove","381","Surrey Heath","Conservative","1482","2822","3157","http://sexymp.co.uk/mp/235.jpg","M"
"Andrew Bingham","382","High Peak","Conservative","1493","2625","2991","http://sexymp.co.uk/mp/49.jpg","M"
"Austin Mitchell","383","Great Grimsby","Labour","1691","2410","3441","http://sexymp.co.uk/mp/427.jpg","M"
"Mark Williams","384","Ceredigion","Liberal Democrat","1405","2816","2868","http://sexymp.co.uk/mp/627.jpg","M"
"Dawn Primarolo","385","Bristol South","Labour","1353","29180","27798","http://sexymp.co.uk/mp/487.jpg","F"
"Ben Bradshaw","386","Exeter","Labour","1395","3260","3320","http://sexymp.co.uk/mp/64.jpg","M"
"James Paice","387","South East Cambridgeshire","Conservative","1460","2805","3137","http://sexymp.co.uk/mp/469.jpg","M"
"Bob Ainsworth","388","Coventry North East","Labour","1657","2597","3657","http://sexymp.co.uk/mp/6.jpg","M"
"Mark Durkan","389","Foyle","Social Democratic and Labour","1558","2576","3278","http://sexymp.co.uk/mp/176.jpg","M"
"Edward Miliband","390","Doncaster North","Labour","1584","3552","4658","http://sexymp.co.uk/mp/421.jpg","M"
"Alex Cunningham","391","Stockton North","Labour","1558","2579","3298","http://sexymp.co.uk/mp/136.jpg","M"
"Yasmin Qureshi","392","Bolton South East","Labour","1334","30046","28602","http://sexymp.co.uk/mp/491.jpg","F"
"Fiona ODonnell","393","East Lothian","Labour","1377","28544","29046","http://sexymp.co.uk/mp/460.jpg","F"
"Kenneth Clarke","394","Rushcliffe","Conservative","1522","2769","3425","http://sexymp.co.uk/mp/113.jpg","M"
"Julie Elliot","395","Sunderland Central","Labour","1253","32061","27417","http://sexymp.co.uk/mp/181.jpg","F"
"William Bain","396","Glasgow North East","Labour","1591","2507","3405","http://sexymp.co.uk/mp/22.jpg","M"
"Mike Penning","397","Hemel Hempstead","Conservative","1548","2539","3280","http://sexymp.co.uk/mp/476.jpg","M"
"Alistair Carmichael","398","Orkney and Shetland","Liberal Democrat","1552","2547","3321","http://sexymp.co.uk/mp/102.jpg","M"
"Michelle Gildernew","399","Fermanagh and South Tyrone","Sinn Fein","1582","25080","33769","http://sexymp.co.uk/mp/224.jpg","F"
"Kerry McCarthey","400","Bristol East","Labour","1243","34206","29028","http://sexymp.co.uk/mp/394.jpg","F"
"Siobhain McDonagh","401","Mitcham and Morden","Labour","1240","33147","28033","http://sexymp.co.uk/mp/399.jpg","F"
"Diana Johnson","402","Kingston upon Hull North","Labour","1306","29883","28258","http://sexymp.co.uk/mp/321.jpg","F"
"Hazel Blears","403","Salford and Eccles","Labour","1386","28047","29918","http://sexymp.co.uk/mp/55.jpg","F"
"Geraint Davies","404","Swansea West","Labour Co-operative","1613","2398","3397","http://sexymp.co.uk/mp/147.jpg","M"
"Lynne Featherstone","405","Hornsey and Wood Green","Liberal Democrat","1207","36200","29493","http://sexymp.co.uk/mp/199.jpg","F"
"Yvette Cooper","406","Normanton, Pontefract and Castleford","Labour","1293","30557","29096","http://sexymp.co.uk/mp/125.jpg","F"
"James Brokenshire","407","Old Bexley and Sidcup","Conservative","1406","2717","3061","http://sexymp.co.uk/mp/72.jpg","M"
"Rushanara Ali","408","Bethnal Green and Bow","Labour","1197","36550","29868","http://sexymp.co.uk/mp/11.jpg","F"
"Meg Hillier","409","Hackney South and Shoreditch","Labour Co-operative","1265","30910","28454","http://sexymp.co.uk/mp/285.jpg","F"
"Simon Reevell","410","Dewsbury","Conservative","1434","2640","3101","http://sexymp.co.uk/mp/499.jpg","M"
"Alison Seabeck","411","Plymouth, Moor View","Labour","1342","28305","29352","http://sexymp.co.uk/mp/528.jpg","F"
"Lindsay Hoyle","412","Chorley","Labour","1626","2383","3510","http://sexymp.co.uk/mp/303.jpg","M"
"Barbara Keeley","413","Worsley and Eccles South","Labour","1163","37660","29008","http://sexymp.co.uk/mp/335.jpg","F"
"Joan Ruddock","414","Lewisham, Deptford","Labour","1256","30801","28067","http://sexymp.co.uk/mp/520.jpg","F"
"Alison McGovern","415","Wirral South","Labour","1214","34712","29493","http://sexymp.co.uk/mp/403.jpg","F"
"Caroline Flint","416","Don Valley","Labour","1101","46722","31848","http://sexymp.co.uk/mp/204.jpg","F"
"Louise Ellman","417","Liverpool, Riverside","Labour Co-operative","1280","29783","28479","http://sexymp.co.uk/mp/184.jpg","F"
"Debbie Abrahams","418","Oldham East and Saddleworth","Labour","1176","36076","28855","http://sexymp.co.uk/mp/3.jpg","F"
"Jenny Chapman","419","Darlington","Labour","1203","34929","29736","http://sexymp.co.uk/mp/107.jpg","F"
"John Randall","420","Uxbridge and South Ruislip","Conservative","1552","2556","3543","http://sexymp.co.uk/mp/493.jpg","M"
"Margaret Ritchie","421","South Down","Social Democratic and Labour","1570","2414","3428","http://sexymp.co.uk/mp/506.jpg","M"
"Ed Balls","422","Morley and Outwood","Labour Co-operative","1546","2730","3786","http://sexymp.co.uk/mp/27.jpg","M"
"David Hanson","423","Delyn","Labour","1562","2452","3466","http://sexymp.co.uk/mp/262.jpg","M"
"Mary Creagh","424","Wakefield","Labour","1315","28686","29788","http://sexymp.co.uk/mp/130.jpg","F"
"Nicholas Soames","425","Mid Sussex","Conservative","1556","2461","3475","http://sexymp.co.uk/mp/554.jpg","M"
"Emma Reynolds","426","Wolverhampton North East","Labour","1189","36284","30835","http://sexymp.co.uk/mp/502.jpg","F"
"Roberta Blackman-Woods","427","City of Durham","Labour","1289","30211","30358","http://sexymp.co.uk/mp/53.jpg","F"
"David Simpson","428","Upper Bann","Democratic Unionist","1528","2521","3466","http://sexymp.co.uk/mp/540.jpg","M"
"Katy Clark","429","North Ayrshire and Arran","Labour","1260","31170","30029","http://sexymp.co.uk/mp/112.jpg","F"
"Natascha Engel","430","North East Derbyshire","Labour","1191","31447","26962","http://sexymp.co.uk/mp/187.jpg","F"
"Kate Hoey","431","Vauxhall","Labour","1379","26982","31028","http://sexymp.co.uk/mp/291.jpg","F"
"Nigel Dodds","432","Belfast North","Democratic Unionist","1605","2326","3504","http://sexymp.co.uk/mp/159.jpg","M"
"Susan Jones","433","Clwyd South","Labour","1134","38113","29447","http://sexymp.co.uk/mp/330.jpg","F"
"Greg Knight","434","East Yorkshire","Conservative","1452","2473","3138","http://sexymp.co.uk/mp/342.jpg","M"
"Shabana Mahmood","435","Birmingham, Ladywood","Labour","1178","34912","29326","http://sexymp.co.uk/mp/385.jpg","F"
"Teresa Pearse","436","Erith and Thamesmead","Labour","1198","34359","29946","http://sexymp.co.uk/mp/475.jpg","F"
"Angie Bray","437","Ealing Central and Acton","Conservative","1570","22934","33406","http://sexymp.co.uk/mp/67.jpg","F"
"Stella Creasy","438","Walthamstow","Labour","1128","42213","32479","http://sexymp.co.uk/mp/131.jpg","F"
"Rachel Reeves","439","Leeds West","Labour","1159","38497","31692","http://sexymp.co.uk/mp/500.jpg","F"
"Jim Hood","440","Lanark and Hamilton East","Labour","1582","2362","3527","http://sexymp.co.uk/mp/295.jpg","M"
"Gloria de Piero","441","Ashfield","Labour","1075","44128","30743","http://sexymp.co.uk/mp/152.jpg","F"
"Liz Kendall","442","Leicester West","Labour","1139","39894","31817","http://sexymp.co.uk/mp/338.jpg","F"
"Pamela Nash","443","Airdrie and Shotts","Labour","1095","41959","30465","http://sexymp.co.uk/mp/452.jpg","F"
"Heidi Alexander","444","Lewisham East","Labour","1082","41695","29521","http://sexymp.co.uk/mp/10.jpg","F"
"Paul Goggins","445","Wythenshawe and Sale East","Labour","1543","2331","3359","http://sexymp.co.uk/mp/231.jpg","M"
"Gerald Kaufman","446","Manchester, Gorton","Labour","1586","2546","3844","http://sexymp.co.uk/mp/333.jpg","M"
"William McCrea","447","South Antrim","Democratic Unionist","1545","2388","3454","http://sexymp.co.uk/mp/398.jpg","M"
"Rosie Winterton","448","Doncaster Central","Labour","1229","30043","28366","http://sexymp.co.uk/mp/637.jpg","F"
"Emily Thornberry","449","Islington South and Finsbury","Labour","1211","31206","28665","http://sexymp.co.uk/mp/583.jpg","F"
"Stephen Mosley","450","City of Chester","Conservative","1494","2331","3214","http://sexymp.co.uk/mp/438.jpg","M"
"Lisa Nandy","451","Wigan","Labour","1152","37720","31421","http://sexymp.co.uk/mp/451.jpg","F"
"Robert Neill","452","Bromley and Chislehurst","Conservative","1523","2281","3251","http://sexymp.co.uk/mp/453.jpg","M"
"Catherin McKinnell","453","Newcastle upon Tyne North","Labour","1128","39841","31871","http://sexymp.co.uk/mp/409.jpg","F"
"Gordon Brown","454","Kirkcaldy and Cowdenbeath","Labour","1427","3155","4042","http://sexymp.co.uk/mp/74.jpg","M"
"Gemma Doyle","455","West Dunbartonshire","Labour Co-operative","1147","37091","30924","http://sexymp.co.uk/mp/167.jpg","F"
"Valerie Vaz","456","Walsall South","Labour","1143","35771","29684","http://sexymp.co.uk/mp/601.jpg","F"
"Helen Jones","457","Warrington North","Labour","1369","25809","30777","http://sexymp.co.uk/mp/327.jpg","F"
"Joe Benton","458","Bootle","Labour","1528","2480","3611","http://sexymp.co.uk/mp/42.jpg","M"
"Sharon Hodgeson","459","Washington and Sunderland West","Labour","1265","29579","30729","http://sexymp.co.uk/mp/290.jpg","F"
"Jon Trickett","460","Hemsworth","Labour","1491","2423","3401","http://sexymp.co.uk/mp/589.jpg","M"
"Luciana Berger","461","Liverpool, Wavertree","Labour Co-operative","1022","51208","33394","http://sexymp.co.uk/mp/46.jpg","F"
"Dave Watts","462","St Helens North","Labour","1550","2375","3572","http://sexymp.co.uk/mp/612.jpg","M"
"Ian Lavery","463","Wansbeck","Labour","1507","2407","3459","http://sexymp.co.uk/mp/350.jpg","M"
"Mark Pawsey","464","Rugby","Conservative","1437","2347","3106","http://sexymp.co.uk/mp/474.jpg","M"
"David Crausby","465","Bolton North East","Labour","1537","2338","3493","http://sexymp.co.uk/mp/129.jpg","M"
"Tim Farron","466","Westmorland and Lonsdale","Liberal Democrat","1447","2674","3605","http://sexymp.co.uk/mp/198.jpg","M"
"Stephen Lloyd","467","Eastbourne","Liberal Democrat","1419","2442","3186","http://sexymp.co.uk/mp/368.jpg","M"
"Ian Davidson","468","Glasgow South West","Labour Co-operative","1581","2274","3586","http://sexymp.co.uk/mp/145.jpg","M"
"Mark Hendrick","469","Preston","Labour Co-operative","1499","2393","3449","http://sexymp.co.uk/mp/279.jpg","M"
"Margaret Curran","470","Glasgow East","Labour","1325","26424","30824","http://sexymp.co.uk/mp/139.jpg","F"
"Martin McGuinness","471","Mid Ulster","Sinn Fein","1620","2228","3665","http://sexymp.co.uk/mp/405.jpg","M"
"Phil Wilson","472","Sedgefield","Labour","1476","2374","3347","http://sexymp.co.uk/mp/633.jpg","M"
"George Mudie","473","Leeds East","Labour","1556","2335","3620","http://sexymp.co.uk/mp/440.jpg","M"
"Tom Clarke","474","Coatbridge, Chryston and Bellshill","Labour","1537","2531","3853","http://sexymp.co.uk/mp/114.jpg","M"
"Harriet Harman","475","Camberwell and Peckham","Labour","1250","28416","29977","http://sexymp.co.uk/mp/263.jpg","F"
"Si!!n James","476","Swansea East","Labour","1344","25710","31258","http://sexymp.co.uk/mp/315.jpg","F"
"Patrick McClaughlin","477","Derbyshire Dales","Conservative","1545","2151","3326","http://sexymp.co.uk/mp/410.jpg","M"
"Bridget Phillipson","478","Houghton and Sunderland South","Labour","1080","40204","31714","http://sexymp.co.uk/mp/482.jpg","F"
"Lee Scott","479","Ilford North","Conservative","1485","2159","3149","http://sexymp.co.uk/mp/527.jpg","M"
"Jim Sheridan","480","Paisley and Renfrewshire North","Labour","1479","2484","3603","http://sexymp.co.uk/mp/537.jpg","M"
"David Blunkett","481","Sheffield, Brightside and Hillsborough","Labour","1512","2410","3621","http://sexymp.co.uk/mp/58.jpg","M"
"Stephen Hepburn","482","Jarrow","Labour","1490","2310","3403","http://sexymp.co.uk/mp/281.jpg","M"
"Mike Hancock","483","Portsmouth South","Liberal Democrat","1507","2350","3540","http://sexymp.co.uk/mp/260.jpg","M"
"Jonathan Evans","484","Cardiff North","Conservative","1478","2258","3303","http://sexymp.co.uk/mp/192.jpg","M"
"Mary Glendon","485","North Tyneside","Labour","1288","26440","30362","http://sexymp.co.uk/mp/229.jpg","F"
"Shaun Woodward","486","St Helens South and Whiston","Labour","1534","2385","3734","http://sexymp.co.uk/mp/642.jpg","M"
"David Wright","487","Telford","Labour","1514","2393","3669","http://sexymp.co.uk/mp/643.jpg","M"
"Yvonne Fovargue","488","Makerfield","Labour","1355","24922","31637","http://sexymp.co.uk/mp/207.jpg","F"
"Lilian Greenwood","489","Nottingham South","Labour","1082","36191","29417","http://sexymp.co.uk/mp/244.jpg","F"
"Gerry Sutcliffe","490","Bradford South","Labour","1477","2363","3482","http://sexymp.co.uk/mp/573.jpg","M"
"Mark Hunter","491","Cheadle","Liberal Democrat","1436","2324","3292","http://sexymp.co.uk/mp/308.jpg","M"
"Stuart Bell","492","Middlesbrough","Labour","1705","1819","3405","http://sexymp.co.uk/mp/39.jpg","M"
"Th!!r!!se Coffey","493","Suffolk Coastal","Conservative","1439","23628","33710","http://sexymp.co.uk/mp/120.jpg","F"
"Kate Green","494","Stretford and Urmston","Labour","1316","25676","31432","http://sexymp.co.uk/mp/242.jpg","F"
"John Thurso","495","Caithness, Sutherland and Easter Ross","Liberal Democrat","1482","2434","3663","http://sexymp.co.uk/mp/584.jpg","M"
"Frank Dobson","496","Holborn and St Pancras","Labour","1465","2519","3730","http://sexymp.co.uk/mp/157.jpg","M"
"Gary Streeter","497","South West Devon","Conservative","1444","2267","3279","http://sexymp.co.uk/mp/566.jpg","M"
"Gisela Stuart","498","Birmingham, Edgbaston","Labour","1379","24130","32229","http://sexymp.co.uk/mp/569.jpg","F"
"Andrew Tyrie","499","Chichester","Conservative","1437","2206","3165","http://sexymp.co.uk/mp/595.jpg","M"
"Jessica Morden","500","Newport East","Labour","1080","36013","30283","http://sexymp.co.uk/mp/431.jpg","F"
"Lyn Brown","501","West Ham","Labour","1337","24923","31827","http://sexymp.co.uk/mp/75.jpg","F"
"Nicholas Brown","502","Newcastle upon Tyne East","Labour","1483","2463","3758","http://sexymp.co.uk/mp/76.jpg","M"
"David Amess","503","Southend West","Conservative","1387","2320","3175","http://sexymp.co.uk/mp/13.jpg","M"
"Andrew Love","504","Edmonton","Labour Co-operative","1525","2211","3538","http://sexymp.co.uk/mp/375.jpg","M"
"Alisdair McDonnell","505","Belfast South","Social Democratic and Labour","1464","2361","3537","http://sexymp.co.uk/mp/400.jpg","M"
"Pat McFadden","506","Wolverhampton South East","Labour","1514","2276","3608","http://sexymp.co.uk/mp/402.jpg","M"
"Margaret Hodge","507","Barking","Labour","1320","24552","30988","http://sexymp.co.uk/mp/289.jpg","F"
"Cathy Jamieson","508","Kilmarnock and Loudoun","Labour Co-operative","1345","25340","33030","http://sexymp.co.uk/mp/316.jpg","F"
"Gregory Barker","509","Bexhill and Battle","Conservative","1417","2218","3180","http://sexymp.co.uk/mp/30.jpg","M"
"Richard Shepherd","510","Aldridge-Brownhills","Conservative","1526","2150","3491","http://sexymp.co.uk/mp/536.jpg","M"
"Nia Griffith","511","Llanelli","Labour","1508","2256","3602","http://sexymp.co.uk/mp/246.jpg","M"
"David Heath","512","Somerton and Frome","Liberal Democrat","1498","2373","3765","http://sexymp.co.uk/mp/275.jpg","M"
"Ann Clwyd","513","Cynon Valley","Labour","1384","23032","32153","http://sexymp.co.uk/mp/117.jpg","F"
"Peter Tapsel","514","Louth and Horncastle","Conservative","1482","2162","3380","http://sexymp.co.uk/mp/580.jpg","M"
"Ian Mearns","515","Gateshead","Labour","1639","2005","3693","http://sexymp.co.uk/mp/415.jpg","M"
"Graham Stringer","516","Blackley and Broughton","Labour","1471","2244","3475","http://sexymp.co.uk/mp/568.jpg","M"
"Vernon Coaker","517","Gedling","Labour","1502","2290","3682","http://sexymp.co.uk/mp/118.jpg","M"
"Ann Coffey","518","Stockport","Labour","1374","23083","32049","http://sexymp.co.uk/mp/119.jpg","F"
"Linda Riordin","519","Halifax","Labour Co-operative","1367","23561","32415","http://sexymp.co.uk/mp/505.jpg","F"
"Oliver Colville","520","Plymouth, Sutton and Devonport","Conservative","1459","2193","3381","http://sexymp.co.uk/mp/122.jpg","M"
"Henry Bellingham","521","North West Norfolk","Conservative","1367","2374","3278","http://sexymp.co.uk/mp/40.jpg","M"
"Frank Roy","522","Motherwell and Wishaw","Labour","1541","2192","3705","http://sexymp.co.uk/mp/516.jpg","M"
"Pat Glass","523","North West Durham","Labour","1301","24743","31516","http://sexymp.co.uk/mp/227.jpg","F"
"Martin Caton","524","Gower","Labour","1560","2074","3622","http://sexymp.co.uk/mp/106.jpg","M"
"Richard Harrington","525","Watford","Conservative","1477","2132","3411","http://sexymp.co.uk/mp/265.jpg","M"
"Denis MackShane","526","Rotherham","Labour","1550","2260","3926","http://sexymp.co.uk/mp/382.jpg","M"
"Diane Abbott","527","Hackney North and Stoke Newington","Labour","1328","24400","33052","http://sexymp.co.uk/mp/2.jpg","F"
"Stephen Pound","528","Ealing North","Labour","1561","2151","3803","http://sexymp.co.uk/mp/486.jpg","M"
"Stephen Timms","529","East Ham","Labour","1564","2191","3880","http://sexymp.co.uk/mp/585.jpg","M"
"Karen Buck","530","Westminster North","Labour","1363","22563","32051","http://sexymp.co.uk/mp/82.jpg","F"
"Richard Burden","531","Birmingham, Northfield","Labour","1508","2098","3533","http://sexymp.co.uk/mp/84.jpg","M"
"Paul Flynn","532","Newport West","Labour","1527","2221","3845","http://sexymp.co.uk/mp/205.jpg","M"
"Joan Walley","533","Stoke-on-Trent North","Labour","1382","22146","32595","http://sexymp.co.uk/mp/607.jpg","F"
"Graham Allen","534","Nottingham North","Labour","1390","2305","3432","http://sexymp.co.uk/mp/12.jpg","M"
"Chris Ruane","535","Vale of Clwyd","Labour","1530","2106","3682","http://sexymp.co.uk/mp/518.jpg","M"
"Elfyn Llwyd","536","Dwyfor Meirionnydd","Plaid Cymru","1458","2277","3690","http://sexymp.co.uk/mp/370.jpg","M"
"Brian Binley","537","Northampton South","Conservative","1504","2073","3530","http://sexymp.co.uk/mp/50.jpg","M"
"Keith Vaz","538","Leicester East","Labour","1463","2508","4107","http://sexymp.co.uk/mp/600.jpg","M"
"George Howarth","539","Knowsley","Labour","1543","2397","4285","http://sexymp.co.uk/mp/300.jpg","M"
"Geoffrey Clifton-Brown","540","The Cotswolds","Conservative","1348","2217","3198","http://sexymp.co.uk/mp/116.jpg","M"
"Alan Haselhurst","541","Saffron Walden","Conservative","1486","2046","3466","http://sexymp.co.uk/mp/270.jpg","M"
"Mark Lazarowicz","542","Edinburgh North and Leith","Labour Co-operative","1617","2025","3922","http://sexymp.co.uk/mp/352.jpg","M"
"Tessa Jowell","543","Dulwich and West Norwood","Labour","1343","23307","33604","http://sexymp.co.uk/mp/331.jpg","F"
"Guto Bebb","544","Aberconwy","Conservative","1432","2226","3581","http://sexymp.co.uk/mp/35.jpg","M"
"Naomi Long","545","Belfast East","Alliance","1399","22279","34506","http://sexymp.co.uk/mp/371.jpg","F"
"Caroline Lucas","546","Brighton, Pavilion","Green Party","1323","25297","35651","http://sexymp.co.uk/mp/376.jpg","F"
"Hywel Francis","547","Aberavon","Labour","1621","2039","3987","http://sexymp.co.uk/mp/209.jpg","M"
"Mike Weir","548","Angus","Scottish National Party","1421","2246","3577","http://sexymp.co.uk/mp/615.jpg","M"
"Eric Pickles","549","Brentwood and Ongar","Conservative","1451","2242","3702","http://sexymp.co.uk/mp/483.jpg","M"
"Paul Uppal","550","Wolverhampton South West","Conservative","1378","2174","3301","http://sexymp.co.uk/mp/597.jpg","M"
"Jim Dobbin","551","Heywood and Middleton","Labour Co-operative","1502","2142","3767","http://sexymp.co.uk/mp/156.jpg","M"
"Chi Onwurah","552","Newcastle upon Tyne Central","Labour","1325","22641","32538","http://sexymp.co.uk/mp/463.jpg","F"
"Heather Wheeler","553","South Derbyshire","Conservative","1531","20991","38040","http://sexymp.co.uk/mp/617.jpg","F"
"Chris Williamson","554","Derby North","Labour","1430","2215","3606","http://sexymp.co.uk/mp/630.jpg","M"
"Michael Meacher","555","Oldham West and Royton","Labour","1517","2159","3881","http://sexymp.co.uk/mp/413.jpg","M"
"John Bercow","556","Buckingham","Bi-Curious","1272","2668","3598","http://sexymp.co.uk/mp/44.jpg","M"
"Dan Rogerson","557","North Cornwall","Liberal Democrat","1423","2188","3552","http://sexymp.co.uk/mp/513.jpg","M"
"Jim Dowd","558","Lewisham West and Penge","Labour","1489","2081","3649","http://sexymp.co.uk/mp/166.jpg","M"
"Roger Godsiff","559","Birmingham, Hall Green","Labour","1570","2087","3967","http://sexymp.co.uk/mp/230.jpg","M"
"Tony Cunningham","560","Workington","Labour","1513","2093","3771","http://sexymp.co.uk/mp/138.jpg","M"
"Norman Lamb","561","North Norfolk","Liberal Democrat","1409","2161","3477","http://sexymp.co.uk/mp/345.jpg","M"
"Angela Smith","562","Penistone and Stocksbridge","Labour","1353","21834","32882","http://sexymp.co.uk/mp/547.jpg","F"
"Gordon Banks","563","Ochil and South Perthshire","Labour","1476","2144","3722","http://sexymp.co.uk/mp/28.jpg","M"
"Madeleine Moon","564","Bridgend","Labour","1336","22008","32652","http://sexymp.co.uk/mp/428.jpg","F"
"Wayne David","565","Caerphilly","Labour","1532","2078","3855","http://sexymp.co.uk/mp/144.jpg","M"
"Nigel Mills","566","Amber Valley","Conservative","1467","2008","3478","http://sexymp.co.uk/mp/424.jpg","M"
"Gerald Howarth","567","Aldershot","Conservative","1374","2118","3309","http://sexymp.co.uk/mp/301.jpg","M"
"Ann McKechin","568","Glasgow North","Labour","1295","22582","32230","http://sexymp.co.uk/mp/408.jpg","F"
"Julian Lewis","569","New Forest East","Conservative","1367","2255","3531","http://sexymp.co.uk/mp/364.jpg","M"
"David Evennett","570","Bexleyheath and Crayford","Conservative","1407","2028","3338","http://sexymp.co.uk/mp/194.jpg","M"
"Nick Raynsford","571","Greenwich and Woolwich","Labour","1446","2143","3682","http://sexymp.co.uk/mp/494.jpg","M"
"Adrian Sanders","572","Torbay","Liberal Democrat","1375","2184","3464","http://sexymp.co.uk/mp/524.jpg","M"
"Bill Esterson","573","Sefton Central","Labour","1455","2198","3864","http://sexymp.co.uk/mp/188.jpg","M"
"Angela Eagle","574","Wallasey","Labour","1329","21717","33098","http://sexymp.co.uk/mp/177.jpg","F"
"Vince Cable","575","Twickenham","Liberal Democrat","1424","2401","4093","http://sexymp.co.uk/mp/95.jpg","M"
"William Cash","576","Stone","Conservative","1449","2048","3609","http://sexymp.co.uk/mp/105.jpg","M"
"Maria Eagle","577","Garston and Halewood","Labour","1274","22509","32098","http://sexymp.co.uk/mp/178.jpg","F"
"Marsha Singh","578","Bradford West","Labour","1445","2189","3838","http://sexymp.co.uk/mp/542.jpg","M"
"Alan Meale","579","Mansfield","Labour","1505","2001","3743","http://sexymp.co.uk/mp/414.jpg","M"
"Grahame Morris","580","Easington","Labour","1571","1927","3848","http://sexymp.co.uk/mp/436.jpg","M"
"John Stanley","581","Tonbridge and Malling","Conservative","1469","2037","3675","http://sexymp.co.uk/mp/559.jpg","M"
"Sammy Wilson","582","East Antrim","Democratic Unionist","1502","2047","3831","http://sexymp.co.uk/mp/635.jpg","M"
"Ian Lucas","583","Wrexham","Labour","1450","2078","3690","http://sexymp.co.uk/mp/377.jpg","M"
"Jack Dromey","584","Birmingham, Erdington","Labour","1444","2324","4133","http://sexymp.co.uk/mp/170.jpg","M"
"Menzies Campbell","585","North East Fife","Liberal Democrat","1405","2297","3981","http://sexymp.co.uk/mp/100.jpg","M"
"Jim Shannon","586","Strangford","Democratic Unionist","1537","2024","4032","http://sexymp.co.uk/mp/530.jpg","M"
"Alistair Burt","587","North East Bedfordshire","Conservative","1453","2003","3660","http://sexymp.co.uk/mp/91.jpg","M"
"Meg Munn","588","Sheffield, Heeley","Labour Co-operative","1303","21709","33483","http://sexymp.co.uk/mp/443.jpg","F"
"Keith Simpson","589","Broadland","Conservative","1493","1894","3617","http://sexymp.co.uk/mp/541.jpg","M"
"Gordon Henderson","590","Sittingbourne and Sheppey","Conservative","1413","1922","3383","http://sexymp.co.uk/mp/278.jpg","M"
"Liam Byrne","591","Birmingham, Hodge Hill","Labour","1455","2153","3983","http://sexymp.co.uk/mp/94.jpg","M"
"David Heyes","592","Ashton-under-Lyne","Labour","1519","1963","3882","http://sexymp.co.uk/mp/284.jpg","M"
"Tom Watson","593","West Bromwich East","Labour","1511","2140","4212","http://sexymp.co.uk/mp/611.jpg","M"
"Andrew Miller","594","Ellesmere Port and Neston","Labour","1484","2107","4045","http://sexymp.co.uk/mp/422.jpg","M"
"Richard Bacon","595","South Norfolk","Conservative","1396","2011","3536","http://sexymp.co.uk/mp/19.jpg","M"
"Conor Murphy","596","Newry and Armagh","Sinn Fein","1486","2024","3962","http://sexymp.co.uk/mp/445.jpg","M"
"Alan Whitehead","597","Southampton, Test","Labour","1476","1987","3864","http://sexymp.co.uk/mp/620.jpg","M"
"Mike Gapes","598","Ilford South","Labour Co-operative","1562","1924","4085","http://sexymp.co.uk/mp/216.jpg","M"
"John Robertson","599","Glasgow North West","Labour","1500","2064","4132","http://sexymp.co.uk/mp/510.jpg","M"
"George Young","600","North West Hampshire","Conservative","1448","1997","3783","http://sexymp.co.uk/mp/648.jpg","M"
"Malcom Rifkind","601","Kensington","Conservative","1352","1971","3365","http://sexymp.co.uk/mp/504.jpg","M"
"Bob Blackman","602","Harrow East","Conservative","1522","2577","5279","http://sexymp.co.uk/mp/52.jpg","M"
"Michael Fabricant","603","Lichfield","Conservative","1294","2092","3344","http://sexymp.co.uk/mp/195.jpg","M"
"Stephem Hammond","604","Wimbledon","Conservative","1360","2004","3485","http://sexymp.co.uk/mp/258.jpg","M"
"Julie Hilling","605","Bolton West","Labour","1350","20332","34847","http://sexymp.co.uk/mp/286.jpg","F"
"Virendra Sharma","606","Ealing, Southall","Labour","1400","2124","3858","http://sexymp.co.uk/mp/533.jpg","M"
"John Pugh","607","Southport","Liberal Democrat","1523","1909","3962","http://sexymp.co.uk/mp/490.jpg","M"
"Alan Beith","608","Berwick-upon-Tweed","Liberal Democrat","1496","1928","3909","http://sexymp.co.uk/mp/38.jpg","M"
"Hywell Williams","609","Arfon","Plaid Cymru","1525","1934","4035","http://sexymp.co.uk/mp/626.jpg","M"
"Bob Russell","610","Colchester","Liberal Democrat","1459","1946","3877","http://sexymp.co.uk/mp/522.jpg","M"
"David Tredinnick","611","Bosworth","Conservative","1310","2053","3458","http://sexymp.co.uk/mp/588.jpg","M"
"Ian Swales","612","Redcar","Liberal Democrat","1324","2093","3632","http://sexymp.co.uk/mp/574.jpg","M"
"David Willetts","613","Havant","Conservative","1461","1838","3738","http://sexymp.co.uk/mp/625.jpg","M"
"Steve Webb","614","Thornbury and Yate","Liberal Democrat","1340","2127","3801","http://sexymp.co.uk/mp/614.jpg","M"
"Andrew Stunel","615","Hazel Grove","Liberal Democrat","1452","1922","3919","http://sexymp.co.uk/mp/571.jpg","M"
"Helen Goodman","616","Bishop Auckland","Labour","1283","20501","34663","http://sexymp.co.uk/mp/233.jpg","F"
"Richard Ottaway","617","Croydon South","Conservative","1417","1855","3656","http://sexymp.co.uk/mp/467.jpg","M"
"Lindsay Roy","618","Glenrothes","Labour","1596","1836","4312","http://sexymp.co.uk/mp/517.jpg","M"
"Robert Smith","619","West Aberdeenshire and Kincardine","Liberal Democrat","1409","1932","3778","http://sexymp.co.uk/mp/553.jpg","M"
"Shailesh Vara","620","North West Cambridgeshire","Conservative","1362","1900","3529","http://sexymp.co.uk/mp/599.jpg","M"
"Patrick Mercer","621","Newark","Conservative","1329","1986","3577","http://sexymp.co.uk/mp/417.jpg","M"
"Anne McGuire","622","Stirling","Labour","1302","20320","35619","http://sexymp.co.uk/mp/406.jpg","F"
"Annette Brooke","623","Mid Dorset and North Poole","Liberal Democrat","1472","18235","38497","http://sexymp.co.uk/mp/73.jpg","F"
"Nick Harvey","624","North Devon","Liberal Democrat","1365","1947","3702","http://sexymp.co.uk/mp/269.jpg","M"
"Anne Begg","625","Aberdeen South","Labour","1383","19359","37707","http://sexymp.co.uk/mp/37.jpg","F"
"Gordon Birtwistle","626","Burnley","Liberal Democrat","1414","1907","3840","http://sexymp.co.uk/mp/51.jpg","M"
"Oliver Letwin","627","West Dorset","Conservative","1391","1857","3658","http://sexymp.co.uk/mp/361.jpg","M"
"Norman Baker","628","Lewes","Liberal Democrat","1515","1811","4079","http://sexymp.co.uk/mp/23.jpg","M"
"John Healey","629","Wentworth and Dearne","Labour","1466","1951","4195","http://sexymp.co.uk/mp/274.jpg","M"
"James Arbuthnot","630","North East Hampshire","Conservative","1431","1873","3901","http://sexymp.co.uk/mp/16.jpg","M"
"Rosie Cooper","631","West Lancashire","Labour","1336","19487","36947","http://sexymp.co.uk/mp/124.jpg","F"
"David Winnick","632","Walsall North","Labour","1443","1942","4204","http://sexymp.co.uk/mp/636.jpg","M"
"Pat Doherty","633","West Tyrone","Sinn Fein","1536","1800","4294","http://sexymp.co.uk/mp/160.jpg","M"
"Fiona MacTaggart","634","Slough","Labour","1322","19338","38106","http://sexymp.co.uk/mp/383.jpg","F"
"Julian Huppart","635","Cambridge","Liberal Democrat","1412","1832","3989","http://sexymp.co.uk/mp/309.jpg","M"
"Alan Reid","636","Argyll and Bute","Liberal Democrat","1405","1874","4061","http://sexymp.co.uk/mp/501.jpg","M"
"Margaret Beckett","637","Derby South","Labour","1309","19586","38371","http://sexymp.co.uk/mp/36.jpg","F"
"Sandra Osborne","638","Ayr, Carrick and Cumnock","Labour","1304","19521","38211","http://sexymp.co.uk/mp/466.jpg","F"
"Roger Williams","639","Brecon and Radnorshire","Liberal Democrat","1453","1787","4112","http://sexymp.co.uk/mp/628.jpg","M"
"Alun Michael","640","Cardiff South and Penarth","Labour Co-operative","1433","1858","4239","http://sexymp.co.uk/mp/419.jpg","M"
"Don Foster","641","Bath","Liberal Democrat","1446","1729","4026","http://sexymp.co.uk/mp/206.jpg","M"
"Ronnie Campbell","642","Blyth Valley","Labour","1463","1819","4398","http://sexymp.co.uk/mp/101.jpg","M"
"Glanda Jackson","643","Hampstead and Kilburn","Labour","1270","19064","37519","http://sexymp.co.uk/mp/312.jpg","F"
"Michael Connarty","644","Linlithgow and East Falkirk","Conservative","1338","1917","4098","http://sexymp.co.uk/mp/123.jpg","M"
"Paul Burstow","645","Sutton and Cheam","Liberal Democrat","1257","1868","3682","http://sexymp.co.uk/mp/90.jpg","M"
"Angus Robertson","646","Moray","Scottish National Party","1366","1778","4104","http://sexymp.co.uk/mp/508.jpg","M"
"Sheila Gilmore","647","Edinburgh East","Labour","1293","18054","39802","http://sexymp.co.uk/mp/226.jpg","F"
"Steve McCabe","648","Birmingham, Selly Oak","Labour","1632","3221","15140","http://sexymp.co.uk/mp/392.jpg","M"